{
  "id": "eval-humaneval-100-lsp-7b",
  "ttft": 0.019895537597377125,
  "tpot": 0.016530394646826495,
  "latency": 1.535662021578812,
  "n_accepted_tokens": 3.6158536585365852,
  "n_generated_tokens": 92.21341463414635
}