{
  "id": "eval-humaneval-100-ts-7b",
  "ttft": 0.020375469835793098,
  "tpot": 0.01364857876902664,
  "latency": 1.2582758505169938,
  "n_accepted_tokens": 1.2560975609756098,
  "n_generated_tokens": 92.21341463414635
}