{
  "id": "eval-humaneval-100-lsp-32b",
  "ttft": 0.09080532992758401,
  "tpot": 0.053651124829119046,
  "latency": 5.04239072886909,
  "n_accepted_tokens": 3.7378048780487805,
  "n_generated_tokens": 92.3109756097561
}