{
  "id": "eval-humaneval-300-ngram-7b",
  "ttft": 0.017146073463486462,
  "tpot": 0.005144950855383152,
  "latency": 0.6729842751491361,
  "n_accepted_tokens": 92.73475609756098,
  "n_generated_tokens": 142.4390243902439
}