{
  "id": "eval-humaneval-300-lsp-32b",
  "ttft": 0.0868107771001211,
  "tpot": 0.0539103217813288,
  "latency": 8.221989641829234,
  "n_accepted_tokens": 6.112804878048781,
  "n_generated_tokens": 149.84756097560975
}