{
  "id": "eval-humaneval-100-nospec-7b",
  "ttft": 0.024790551604294195,
  "tpot": 0.010867380023220153,
  "latency": 1.0255618967661044,
  "n_accepted_tokens": 0.0,
  "n_generated_tokens": 92.02439024390245
}