{
  "id": "eval-humaneval-100-ts-32b",
  "ttft": 0.09528903699502712,
  "tpot": 0.05346266442114151,
  "latency": 4.926879516462001,
  "n_accepted_tokens": 1.2439024390243902,
  "n_generated_tokens": 92.02439024390245
}