{
  "id": "eval-humaneval-300-lsp-ts-32b",
  "ttft": 0.08667605824586821,
  "tpot": 0.05409102310642894,
  "latency": 8.068420822300562,
  "n_accepted_tokens": 7.753048780487805,
  "n_generated_tokens": 148.72256097560975
}