{
  "id": "eval-humaneval-300-lsp-ts-7b",
  "ttft": 0.017494195845068956,
  "tpot": 0.01663701168317891,
  "latency": 2.3695712009581125,
  "n_accepted_tokens": 7.557926829268292,
  "n_generated_tokens": 142.8810975609756
}