{
  "id": "eval-humaneval-100-ngram-7b",
  "ttft": 0.019948940451552228,
  "tpot": 0.007085105531379888,
  "latency": 0.6469607702115687,
  "n_accepted_tokens": 43.896341463414636,
  "n_generated_tokens": 92.04878048780488
}