{
  "id": "eval-humaneval-300-ts-32b",
  "ttft": 0.09169636194298907,
  "tpot": 0.053823274592609806,
  "latency": 8.02508338486276,
  "n_accepted_tokens": 1.826219512195122,
  "n_generated_tokens": 148.6798780487805
}