{
  "id": "eval-humaneval-300-lsp-7b",
  "ttft": 0.017313831463092712,
  "tpot": 0.016477148437866396,
  "latency": 2.3666289717685887,
  "n_accepted_tokens": 5.865853658536586,
  "n_generated_tokens": 142.8689024390244
}