{
  "id": "eval-humaneval-300-ngram-32b",
  "ttft": 0.09161803635155283,
  "tpot": 0.02255112158281038,
  "latency": 3.115522024835028,
  "n_accepted_tokens": 93.44817073170732,
  "n_generated_tokens": 149.5640243902439
}