{
  "id": "eval-humaneval-100-lsp-ts-7b",
  "ttft": 0.019989122704761785,
  "tpot": 0.01644638989570638,
  "latency": 1.5296233688912741,
  "n_accepted_tokens": 4.786585365853658,
  "n_generated_tokens": 92.21341463414635
}