{
  "id": "eval-humaneval-300-ts-7b",
  "ttft": 0.017768281988981293,
  "tpot": 0.013543286026040418,
  "latency": 1.973385799948762,
  "n_accepted_tokens": 1.850609756097561,
  "n_generated_tokens": 143.27439024390245
}