{
  "id": "eval-humaneval-300-ngram-7b",
  "ttft": 0.0170876194791096,
  "tpot": 0.01304527575588498,
  "latency": 0.670309380060289,
  "n_accepted_tokens": 92.71646341463415,
  "n_generated_tokens": 142.21646341463415
}