{
  "id": "eval-stack-100-lsp-ts-32b",
  "ttft": 0.09070775032043457,
  "tpot": 0.05374143216347311,
  "latency": 5.14974023103714,
  "n_accepted_tokens": 5.4,
  "n_generated_tokens": 93.73
}