{
  "id": "eval-stack-100-lsp-32b",
  "ttft": 0.09261266946792603,
  "tpot": 0.05500981917796291,
  "latency": 5.271135818958283,
  "n_accepted_tokens": 2.82,
  "n_generated_tokens": 93.73
}