{
  "id": "eval-stack-100-ngram-32b",
  "ttft": 0.15381274700164796,
  "tpot": 0.04733026774525126,
  "latency": 4.602091464996338,
  "n_accepted_tokens": 0.0,
  "n_generated_tokens": 93.73
}