{
  "id": "eval-stack-300-ngram-7b",
  "ttft": 0.01709797739982605,
  "tpot": 0.006305985790556456,
  "latency": 0.9557776665687561,
  "n_accepted_tokens": 105.52,
  "n_generated_tokens": 173.83
}