{
  "id": "eval-stack-100-nospec-7b",
  "ttft": 0.022247533798217773,
  "tpot": 0.010337207171558078,
  "latency": 0.9815457606315613,
  "n_accepted_tokens": 0.0,
  "n_generated_tokens": 91.76
}