{
  "id": "eval-stack-300-lsp-7b",
  "ttft": 0.01768312931060791,
  "tpot": 0.018328306991853265,
  "latency": 3.2528731596469878,
  "n_accepted_tokens": 5.375,
  "n_generated_tokens": 173.945
}