{
  "id": "eval-stack-300-ngram-32b",
  "ttft": 0.12870328307151793,
  "tpot": 0.048123586738064376,
  "latency": 8.89563491821289,
  "n_accepted_tokens": 0.0,
  "n_generated_tokens": 179.91
}