{
  "id": "eval-stack-100-ts-32b",
  "ttft": 0.09774960517883301,
  "tpot": 0.05171343717129499,
  "latency": 4.945460457801818,
  "n_accepted_tokens": 2.72,
  "n_generated_tokens": 93.73
}