{
  "id": "eval-stack-300-lsp-32b",
  "ttft": 0.07211873173713684,
  "tpot": 0.05529079625731865,
  "latency": 10.110868139266968,
  "n_accepted_tokens": 5.8,
  "n_generated_tokens": 180.005
}