{
  "id": "eval-stack-300-ts-32b",
  "ttft": 0.07561815142631531,
  "tpot": 0.052367631223379556,
  "latency": 9.673172141313552,
  "n_accepted_tokens": 4.88,
  "n_generated_tokens": 181.105
}