{
  "id": "eval-stack-100-lsp-7b",
  "ttft": 0.01997241497039795,
  "tpot": 0.018282371289006602,
  "latency": 1.7204343318939208,
  "n_accepted_tokens": 2.63,
  "n_generated_tokens": 91.76
}