{
  "id": "eval-stack-300-ts-7b",
  "ttft": 0.0173429799079895,
  "tpot": 0.013469674916341441,
  "latency": 2.4158781695365907,
  "n_accepted_tokens": 5.435,
  "n_generated_tokens": 173.945
}